Date,totalSteps,restingHeartRate,sleepTimeSeconds,awakeSleepSeconds,avgSleepStress,cluster
2024-01-01,1530.0,78,34380,660,46.0,0
2024-01-02,1837.0,67,29580,240,15.0,1
2024-01-02,1837.0,67,29580,240,15.0,1
2024-01-03,2271.0,76,24840,60,24.0,0
2024-01-03,2271.0,76,24840,60,24.0,0
2024-01-04,7719.0,70,27300,180,16.0,1
2024-01-04,7719.0,70,27300,180,16.0,1
2024-01-04,7719.0,70,27300,180,16.0,1
2024-01-04,7719.0,70,27300,180,16.0,1
2024-01-05,7179.0,76,24960,1200,50.0,0
2024-01-05,7179.0,76,24960,1200,50.0,0
2024-01-06,5555.0,75,31320,480,31.0,0
2024-01-06,5555.0,75,31320,480,31.0,0
2024-01-07,10843.0,73,33360,60,29.0,1
2024-01-07,10843.0,73,33360,60,29.0,1
2024-01-08,1642.0,73,27960,240,23.0,1
2024-01-08,1642.0,73,27960,240,23.0,1
2024-01-09,1914.0,72,25080,1020,40.0,0
2024-01-09,1914.0,72,25080,1020,40.0,0
2024-01-10,7498.0,69,29040,900,12.0,1
2024-01-10,7498.0,69,29040,900,12.0,1
2024-01-11,5037.0,73,27540,180,23.0,1
2024-01-11,5037.0,73,27540,180,23.0,1
2024-01-12,1939.0,70,28620,240,20.0,1
2024-01-12,1939.0,70,28620,240,20.0,1
2024-01-13,11815.0,70,30960,120,31.0,1
2024-01-13,11815.0,70,30960,120,31.0,1
2024-01-14,7888.0,70,33240,240,20.0,1
2024-01-14,7888.0,70,33240,240,20.0,1
2024-01-15,5625.0,68,31620,360,22.0,1
2024-01-15,5625.0,68,31620,360,22.0,1
2024-01-16,1771.0,68,21720,300,32.0,0
2024-01-16,1771.0,68,21720,300,32.0,0
2024-01-17,3790.0,65,35220,60,9.0,1
2024-01-17,3790.0,65,35220,60,9.0,1
2024-01-18,1640.0,66,30600,780,27.0,1
2024-01-18,1640.0,66,30600,780,27.0,1
2024-01-19,3676.0,67,29220,1080,28.0,1
2024-01-19,3676.0,67,29220,1080,28.0,1
2024-01-20,8258.0,71,28800,660,44.0,0
2024-01-20,8258.0,71,28800,660,44.0,0
2024-01-21,2649.0,74,19500,60,31.0,0
2024-01-21,2649.0,74,19500,60,31.0,0
2024-01-22,2210.0,70,32340,180,22.0,1
2024-01-22,2210.0,70,32340,180,22.0,1
2024-01-23,8135.0,70,24694,660,22.0,1
2024-01-23,8135.0,70,24694,660,22.0,1
2024-01-24,3340.0,73,30240,720,35.0,0
2024-01-24,3340.0,73,30240,720,35.0,0
2024-01-25,2283.0,78,28200,60,28.0,0
2024-01-25,2283.0,78,28200,60,28.0,0
2024-01-26,7324.0,75,30180,720,25.0,1
2024-01-26,7324.0,75,30180,720,25.0,1
2024-01-27,2902.0,77,34980,1380,40.0,0
2024-01-27,2902.0,77,34980,1380,40.0,0
2024-01-28,12873.0,69,31920,60,19.0,1
2024-01-28,12873.0,69,31920,60,19.0,1
2024-01-29,1436.0,71,32040,300,24.0,1
2024-01-29,1436.0,71,32040,300,24.0,1
2024-01-30,3579.0,75,27300,1140,25.0,0
2024-01-30,3579.0,75,27300,1140,25.0,0
2024-01-31,8216.0,73,30180,2880,25.0,0
2024-01-31,8216.0,73,30180,2880,25.0,0
2024-02-01,5823.0,72,28800,660,22.0,1
2024-02-01,5823.0,72,28800,660,22.0,1
2024-02-02,10464.0,77,30780,60,27.0,0
2024-02-02,10464.0,77,30780,60,27.0,0
2024-02-03,15193.0,78,32880,180,38.0,0
2024-02-03,15193.0,78,32880,180,38.0,0
2024-02-04,6281.0,73,26580,480,33.0,0
2024-02-04,6281.0,73,26580,480,33.0,0
2024-02-05,10179.0,63,36120,1500,13.0,1
2024-02-05,10179.0,63,36120,1500,13.0,1
2024-02-06,2126.0,72,29040,660,39.0,0
2024-02-06,2126.0,72,29040,660,39.0,0
2024-02-07,2909.0,72,35040,1620,20.0,1
2024-02-07,2909.0,72,35040,1620,20.0,1
2024-02-08,2173.0,72,28920,780,35.0,0
2024-02-08,2173.0,72,28920,780,35.0,0
2024-02-09,2623.0,75,26562,8940,48.0,0
2024-02-09,2623.0,75,26562,8940,48.0,0
2024-02-10,2874.0,72,32700,180,20.0,1
2024-02-10,2874.0,72,32700,180,20.0,1
2024-02-11,10351.0,72,35340,2280,19.0,1
2024-02-11,10351.0,72,35340,2280,19.0,1
2024-02-12,2888.0,83,10620,1980,55.0,0
2024-02-12,2888.0,83,10620,1980,55.0,0
2024-02-13,2902.0,75,28800,4320,22.0,0
2024-02-13,2902.0,75,28800,4320,22.0,0
2024-02-14,2668.0,76,28294,1140,39.0,0
2024-02-14,2668.0,76,28294,1140,39.0,0
2024-02-15,3015.0,71,31620,1380,20.0,1
2024-02-15,3015.0,71,31620,1380,20.0,1
2024-02-16,6721.0,71,28140,540,20.0,1
2024-02-16,6721.0,71,28140,540,20.0,1
2024-02-17,2792.0,74,23760,660,50.0,0
2024-02-17,2792.0,74,23760,660,50.0,0
2024-02-18,10117.0,76,38340,1500,21.0,1
2024-02-18,10117.0,76,38340,1500,21.0,1
2024-02-19,9198.0,73,30120,360,30.0,1
2024-02-19,9198.0,73,30120,360,30.0,1
2024-02-20,3146.0,72,34260,300,30.0,1
2024-02-20,3146.0,72,34260,300,30.0,1
2024-02-21,3800.0,79,30480,180,29.0,0
2024-02-21,3800.0,79,30480,180,29.0,0
2024-02-22,2190.0,76,32580,540,34.0,0
2024-02-22,2190.0,76,32580,540,34.0,0
2024-02-23,10841.0,77,31080,1080,26.0,0
2024-02-23,10841.0,77,31080,1080,26.0,0
2024-02-24,17389.0,79,27120,60,43.0,0
2024-02-24,17389.0,79,27120,60,43.0,0
2024-02-24,17389.0,79,27120,60,43.0,0
2024-02-24,17389.0,79,27120,60,43.0,0
2024-02-25,11951.0,75,30120,0,23.0,1
2024-02-25,11951.0,75,30120,0,23.0,1
2024-02-26,3616.0,78,28020,120,34.0,0
2024-02-26,3616.0,78,28020,120,34.0,0
2024-02-27,9575.0,79,29400,0,29.0,0
2024-02-27,9575.0,79,29400,0,29.0,0
2024-02-28,1789.0,75,31440,2280,37.0,0
2024-02-28,1789.0,75,31440,2280,37.0,0
2024-02-29,10953.0,73,29940,0,17.0,1
2024-02-29,10953.0,73,29940,0,17.0,1
2024-03-01,2201.0,78,27060,1020,36.0,0
2024-03-01,2201.0,78,27060,1020,36.0,0
2024-03-02,11190.0,80,20880,60,39.0,0
2024-03-02,11190.0,80,20880,60,39.0,0
2024-03-03,18538.0,73,35040,1080,25.0,1
2024-03-03,18538.0,73,35040,1080,25.0,1
2024-03-04,4230.0,72,29213,1140,16.0,1
2024-03-04,4230.0,72,29213,1140,16.0,1
2024-03-05,1820.0,72,28080,300,25.0,1
2024-03-05,1820.0,72,28080,300,25.0,1
2024-03-06,9945.0,71,31246,2580,19.0,1
2024-03-06,9945.0,71,31246,2580,19.0,1
2024-03-07,4611.0,72,28200,60,23.0,1
2024-03-07,4611.0,72,28200,60,23.0,1
2024-03-08,10577.0,72,25140,720,22.0,1
2024-03-08,10577.0,72,25140,720,22.0,1
2024-03-09,15979.0,72,35700,780,30.0,1
2024-03-09,15979.0,72,35700,780,30.0,1
2024-03-10,7248.0,72,32580,1260,23.0,1
2024-03-10,7248.0,72,32580,1260,23.0,1
2024-03-11,9220.0,72,32400,780,20.0,1
2024-03-11,9220.0,72,32400,780,20.0,1
2024-03-12,6531.0,72,34680,600,24.0,1
2024-03-12,6531.0,72,34680,600,24.0,1
2024-03-13,7451.0,71,29280,780,21.0,1
2024-03-13,7451.0,71,29280,780,21.0,1
2024-03-14,11259.0,63,32520,900,11.0,1
2024-03-14,11259.0,63,32520,900,11.0,1
2024-03-15,2279.0,72,27900,1920,13.0,1
2024-03-15,2279.0,72,27900,1920,13.0,1
2024-03-16,21105.0,72,31557,480,15.0,1
2024-03-16,21105.0,72,31557,480,15.0,1
2024-03-17,12201.0,71,33300,1140,23.0,1
2024-03-17,12201.0,71,33300,1140,23.0,1
2024-03-18,3178.0,71,27300,780,19.0,1
2024-03-18,3178.0,71,27300,780,19.0,1
2024-03-19,4520.0,75,26280,1020,21.0,0
2024-03-19,4520.0,75,26280,1020,21.0,0
2024-03-20,3513.0,72,32100,2100,17.0,1
2024-03-20,3513.0,72,32100,2100,17.0,1
2024-03-21,3943.0,72,27060,1260,24.0,1
2024-03-21,3943.0,72,27060,1260,24.0,1
2024-03-22,4225.0,68,30900,60,11.0,1
2024-03-22,4225.0,68,30900,60,11.0,1
2024-03-23,4148.0,79,29100,1380,38.0,0
2024-03-23,4148.0,79,29100,1380,38.0,0
2024-03-24,22217.0,75,29880,2460,23.0,0
2024-03-24,22217.0,75,29880,2460,23.0,0
2024-03-25,2307.0,75,28800,600,21.0,1
2024-03-25,2307.0,75,28800,600,21.0,1
2024-03-26,2779.0,78,26040,60,30.0,0
2024-03-26,2779.0,78,26040,60,30.0,0
2024-03-27,7447.0,75,28860,1500,29.0,0
2024-03-27,7447.0,75,28860,1500,29.0,0
2024-03-28,3471.0,74,26580,120,27.0,0
2024-03-28,3471.0,74,26580,120,27.0,0
2024-03-29,4020.0,74,31761,420,33.0,0
2024-03-29,4020.0,74,31761,420,33.0,0
2024-03-30,13441.0,79,23580,60,37.0,0
2024-03-30,13441.0,79,23580,60,37.0,0
2024-03-31,3421.0,72,29280,1560,23.0,1
2024-03-31,3421.0,72,29280,1560,23.0,1
2024-04-01,8630.0,70,32100,360,16.0,1
2024-04-01,8630.0,70,32100,360,16.0,1
2024-04-02,2435.0,79,26520,1020,38.0,0
2024-04-02,2435.0,79,26520,1020,38.0,0
2024-04-03,9652.0,72,28080,1260,24.0,1
2024-04-03,9652.0,72,28080,1260,24.0,1
2024-04-04,4047.0,69,27180,1440,14.0,1
2024-04-04,4047.0,69,27180,1440,14.0,1
2024-04-05,3732.0,79,27960,1680,30.0,0
2024-04-05,3732.0,79,27960,1680,30.0,0
2024-04-06,24517.0,74,31320,540,21.0,1
2024-04-06,24517.0,74,31320,540,21.0,1
2024-04-07,3442.0,77,32220,300,28.0,0
2024-04-07,3442.0,77,32220,300,28.0,0
2024-04-08,2189.0,68,31140,2280,16.0,1
2024-04-08,2189.0,68,31140,2280,16.0,1
2024-04-09,2044.0,72,27660,1380,21.0,1
2024-04-09,2044.0,72,27660,1380,21.0,1
2024-04-10,1325.0,71,34620,1440,18.0,1
2024-04-10,1325.0,71,34620,1440,18.0,1
2024-04-11,4302.0,71,31680,1980,17.0,1
2024-04-11,4302.0,71,31680,1980,17.0,1
2024-04-12,3723.0,77,26700,1140,35.0,0
2024-04-12,3723.0,77,26700,1140,35.0,0
2024-04-13,3753.0,77,32580,3420,28.0,0
2024-04-13,3753.0,77,32580,3420,28.0,0
2024-04-14,3732.0,75,31980,1320,22.0,1
2024-04-14,3732.0,75,31980,1320,22.0,1
2024-04-15,9352.0,74,36180,2220,30.0,1
2024-04-15,9352.0,74,36180,2220,30.0,1
2024-04-16,3430.0,76,28140,360,25.0,0
2024-04-16,3430.0,76,28140,360,25.0,0
2024-04-17,3554.0,76,26100,0,21.0,0
2024-04-17,3554.0,76,26100,0,21.0,0
2024-04-18,2839.0,72,30240,900,17.0,1
2024-04-18,2839.0,72,30240,900,17.0,1
2024-04-19,2945.0,73,28620,4320,27.0,0
2024-04-19,2945.0,73,28620,4320,27.0,0
2024-04-20,3435.0,77,31380,2040,23.0,0
2024-04-20,3435.0,77,31380,2040,23.0,0
2024-04-21,2889.0,68,32940,780,20.0,1
2024-04-21,2889.0,68,32940,780,20.0,1
2024-04-22,9041.0,71,30600,3000,28.0,1
2024-04-22,9041.0,71,30600,3000,28.0,1
2024-04-23,3793.0,74,31380,120,22.0,1
2024-04-23,3793.0,74,31380,120,22.0,1
2024-04-24,8546.0,74,25200,780,26.0,0
2024-04-24,8546.0,74,25200,780,26.0,0
2024-04-25,2664.0,72,32160,840,20.0,1
2024-04-25,2664.0,72,32160,840,20.0,1
2024-04-26,3563.0,77,27600,1680,25.0,0
2024-04-26,3563.0,77,27600,1680,25.0,0
2024-04-27,32947.0,72,24600,1140,22.0,0
2024-04-27,32947.0,72,24600,1140,22.0,0
2024-04-28,2701.0,70,31680,1800,18.0,1
2024-04-28,2701.0,70,31680,1800,18.0,1
2024-04-29,4696.0,71,29640,240,20.0,1
2024-04-29,4696.0,71,29640,240,20.0,1
2024-04-30,3416.0,72,25920,480,18.0,1
2024-04-30,3416.0,72,25920,480,18.0,1
2024-05-01,4310.0,69,26460,60,18.0,1
2024-05-01,4310.0,69,26460,60,18.0,1
2024-05-02,2957.0,75,25980,2580,24.0,0
2024-05-02,2957.0,75,25980,2580,24.0,0
2024-05-03,3176.0,68,29520,300,15.0,1
2024-05-03,3176.0,68,29520,300,15.0,1
2024-05-04,16445.0,70,32460,1200,16.0,1
2024-05-04,16445.0,70,32460,1200,16.0,1
2024-05-04,16445.0,70,32460,1200,16.0,1
2024-05-04,16445.0,70,32460,1200,16.0,1
2024-05-05,2869.0,73,29280,1920,24.0,1
2024-05-05,2869.0,73,29280,1920,24.0,1
2024-05-06,3344.0,71,31020,4140,25.0,1
2024-05-06,3344.0,71,31020,4140,25.0,1
2024-05-07,1484.0,74,22260,540,21.0,0
2024-05-07,1484.0,74,22260,540,21.0,0
2024-05-08,3913.0,68,28560,0,14.0,1
2024-05-08,3913.0,68,28560,0,14.0,1
2024-05-09,3604.0,67,28380,0,21.0,1
2024-05-09,3604.0,67,28380,0,21.0,1
2024-05-10,4630.0,72,31200,600,20.0,1
2024-05-10,4630.0,72,31200,600,20.0,1
2024-05-11,5119.0,71,25620,60,23.0,1
2024-05-11,5119.0,71,25620,60,23.0,1
2024-05-12,4992.0,71,30960,1440,17.0,1
2024-05-12,4992.0,71,30960,1440,17.0,1
2024-05-13,6673.0,70,25560,60,37.0,0
2024-05-13,6673.0,70,25560,60,37.0,0
2024-05-14,5173.0,73,27780,120,27.0,1
2024-05-14,5173.0,73,27780,120,27.0,1
2024-05-15,3530.0,73,26160,0,23.0,1
2024-05-15,3530.0,73,26160,0,23.0,1
2024-05-16,20041.0,74,18000,0,31.0,0
2024-05-16,20041.0,74,18000,0,31.0,0
2024-05-17,2160.0,66,30900,120,24.0,1
2024-05-17,2160.0,66,30900,120,24.0,1
2024-05-18,3085.0,72,32640,120,20.0,1
2024-05-18,3085.0,72,32640,120,20.0,1
2024-05-19,2972.0,70,34620,960,16.0,1
2024-05-19,2972.0,70,34620,960,16.0,1
2024-05-20,4293.0,70,28740,240,18.0,1
2024-05-20,4293.0,70,28740,240,18.0,1
2024-05-21,3375.0,75,28140,1560,38.0,0
2024-05-21,3375.0,75,28140,1560,38.0,0
2024-05-22,3924.0,73,27120,120,20.0,1
2024-05-22,3924.0,73,27120,120,20.0,1
2024-05-23,5120.0,75,27000,2280,46.0,0
2024-05-23,5120.0,75,27000,2280,46.0,0
2024-05-24,15926.0,72,22260,180,33.0,0
2024-05-24,15926.0,72,22260,180,33.0,0
2024-05-25,14924.0,77,24000,240,41.0,0
2024-05-25,14924.0,77,24000,240,41.0,0
2024-05-26,8359.0,76,26580,180,28.0,0
2024-05-26,8359.0,76,26580,180,28.0,0
2024-05-27,12183.0,76,28620,900,22.0,0
2024-05-27,12183.0,76,28620,900,22.0,0
2024-05-28,16642.0,75,24960,60,31.0,0
2024-05-28,16642.0,75,24960,60,31.0,0
2024-05-29,14937.0,79,26939,480,30.0,0
2024-05-29,14937.0,79,26939,480,30.0,0
2024-05-30,4533.0,73,34140,360,25.0,1
2024-05-30,4533.0,73,34140,360,25.0,1
2024-05-31,9469.0,74,31620,1860,30.0,0
2024-05-31,9469.0,74,31620,1860,30.0,0
2024-06-01,6620.0,69,30960,1560,29.0,1
2024-06-01,6620.0,69,30960,1560,29.0,1
2024-06-02,2717.0,69,30960,1080,24.0,1
2024-06-02,2717.0,69,30960,1080,24.0,1
2024-06-03,2339.0,65,26700,360,15.0,1
2024-06-03,2339.0,65,26700,360,15.0,1
2024-06-04,1969.0,72,30060,240,21.0,1
2024-06-04,1969.0,72,30060,240,21.0,1
2024-06-05,2574.0,70,32100,360,16.0,1
2024-06-05,2574.0,70,32100,360,16.0,1
2024-06-06,6702.0,72,24960,1440,29.0,0
2024-06-06,6702.0,72,24960,1440,29.0,0
2024-06-07,2486.0,69,29940,480,22.0,1
2024-06-07,2486.0,69,29940,480,22.0,1
2024-06-08,6984.0,74,22980,1800,39.0,0
2024-06-08,6984.0,74,22980,1800,39.0,0
2024-06-09,4213.0,74,31320,780,19.0,1
2024-06-09,4213.0,74,31320,780,19.0,1
2024-06-10,9397.0,70,30600,0,13.0,1
2024-06-10,9397.0,70,30600,0,13.0,1
2024-06-11,8220.0,69,27540,300,17.0,1
2024-06-11,8220.0,69,27540,300,17.0,1
2024-06-12,3042.0,71,27540,180,23.0,1
2024-06-12,3042.0,71,27540,180,23.0,1
2024-06-13,4854.0,71,29640,1500,22.0,1
2024-06-13,4854.0,71,29640,1500,22.0,1
2024-06-14,3102.0,72,28320,240,25.0,1
2024-06-14,3102.0,72,28320,240,25.0,1
2024-06-15,9495.0,75,26280,420,27.0,0
2024-06-15,9495.0,75,26280,420,27.0,0
2024-06-16,3005.0,75,31200,600,24.0,1
2024-06-16,3005.0,75,31200,600,24.0,1
2024-06-17,1023.0,76,25080,420,23.0,0
2024-06-17,1023.0,76,25080,420,23.0,0
2024-06-18,1742.0,75,28980,480,19.0,1
2024-06-18,1742.0,75,28980,480,19.0,1
2024-06-19,2405.0,80,21060,120,36.0,0
2024-06-19,2405.0,80,21060,120,36.0,0
2024-06-20,4271.0,76,26220,120,22.0,0
2024-06-20,4271.0,76,26220,120,22.0,0
2024-06-21,16689.0,74,24360,60,20.0,0
2024-06-21,16689.0,74,24360,60,20.0,0
2024-06-22,20186.0,77,33300,1320,34.0,0
2024-06-22,20186.0,77,33300,1320,34.0,0
2024-06-23,11924.0,69,39780,0,22.0,1
2024-06-23,11924.0,69,39780,0,22.0,1
2024-06-24,8460.0,70,24000,60,19.0,1
2024-06-24,8460.0,70,24000,60,19.0,1
2024-06-25,1177.0,71,31440,120,16.0,1
2024-06-25,1177.0,71,31440,120,16.0,1
2024-06-26,7916.0,75,29640,1020,24.0,1
2024-06-26,7916.0,75,29640,1020,24.0,1
2024-06-27,1786.0,72,30900,1140,20.0,1
2024-06-27,1786.0,72,30900,1140,20.0,1
2024-06-28,2704.0,72,26100,780,40.0,0
2024-06-28,2704.0,72,26100,780,40.0,0
2024-06-29,7479.0,72,32580,180,25.0,1
2024-06-29,7479.0,72,32580,180,25.0,1
2024-06-30,2442.0,76,28380,0,26.0,0
2024-06-30,2442.0,76,28380,0,26.0,0
2024-07-01,1964.0,71,29940,0,22.0,1
2024-07-01,1964.0,71,29940,0,22.0,1
2024-07-02,2482.0,71,30840,180,17.0,1
2024-07-02,2482.0,71,30840,180,17.0,1
2024-07-03,9586.0,75,21060,720,24.0,0
2024-07-03,9586.0,75,21060,720,24.0,0
2024-07-04,5441.0,77,22980,360,33.0,0
2024-07-04,5441.0,77,22980,360,33.0,0
2024-07-05,9274.0,70,33720,0,15.0,1
2024-07-05,9274.0,70,33720,0,15.0,1
2024-07-06,8915.0,75,36900,1260,26.0,1
2024-07-06,8915.0,75,36900,1260,26.0,1
2024-07-07,3498.0,68,26429,360,21.0,1
2024-07-07,3498.0,68,26429,360,21.0,1
2024-07-08,2395.0,74,30060,60,19.0,1
2024-07-08,2395.0,74,30060,60,19.0,1
2024-07-09,7899.0,73,29160,60,20.0,1
2024-07-09,7899.0,73,29160,60,20.0,1
2024-07-10,8209.0,71,24120,60,24.0,1
2024-07-10,8209.0,71,24120,60,24.0,1
2024-07-11,8969.0,72,25080,180,21.0,1
2024-07-11,8969.0,72,25080,180,21.0,1
2024-07-12,8213.0,74,25080,480,22.0,0
2024-07-12,8213.0,74,25080,480,22.0,0
2024-07-13,5215.0,67,34140,1140,15.0,1
2024-07-13,5215.0,67,34140,1140,15.0,1
2024-07-14,9488.0,75,28500,300,42.0,0
2024-07-14,9488.0,75,28500,300,42.0,0
2024-07-14,9488.0,75,28500,300,42.0,0
2024-07-14,9488.0,75,28500,300,42.0,0
2024-07-15,1979.0,72,29460,720,28.0,1
2024-07-15,1979.0,72,29460,720,28.0,1
2024-07-16,1888.0,72,24900,0,22.0,1
2024-07-16,1888.0,72,24900,0,22.0,1
2024-07-17,7730.0,72,24180,300,19.0,1
2024-07-17,7730.0,72,24180,300,19.0,1
2024-07-18,7370.0,72,25140,540,25.0,1
2024-07-18,7370.0,72,25140,540,25.0,1
2024-07-19,2385.0,72,27060,1140,28.0,0
2024-07-19,2385.0,72,27060,1140,28.0,0
2024-07-20,2440.0,72,24000,0,33.0,0
2024-07-20,2440.0,72,24000,0,33.0,0
2024-07-21,2869.0,72,33360,600,21.0,1
2024-07-21,2869.0,72,33360,600,21.0,1
2024-07-22,7469.0,72,25173,540,25.0,1
2024-07-22,7469.0,72,25173,540,25.0,1
2024-07-23,2128.0,72,28380,60,16.0,1
2024-07-23,2128.0,72,28380,60,16.0,1
2024-07-24,7876.0,72,24616,660,19.0,1
2024-07-24,7876.0,72,24616,660,19.0,1
2024-07-25,1992.0,72,29220,120,17.0,1
2024-07-25,1992.0,72,29220,120,17.0,1
2024-07-26,7967.0,91,29160,900,21.0,0
2024-07-26,7967.0,91,29160,900,21.0,0
2024-07-27,1564.0,77,17700,3060,66.0,0
2024-07-27,1564.0,77,17700,3060,66.0,0
2024-07-28,2246.0,68,37440,120,10.0,1
2024-07-28,2246.0,68,37440,120,10.0,1
2024-07-29,7927.0,74,24420,900,23.0,0
2024-07-29,7927.0,74,24420,900,23.0,0
2024-07-30,4284.0,73,23940,0,20.0,1
2024-07-30,4284.0,73,23940,0,20.0,1
2024-07-31,2746.0,75,23040,0,19.0,0
2024-07-31,2746.0,75,23040,0,19.0,0
2024-08-01,8979.0,72,27780,900,24.0,1
2024-08-01,8979.0,72,27780,900,24.0,1
2024-08-02,8068.0,73,26520,720,35.0,0
2024-08-02,8068.0,73,26520,720,35.0,0
2024-08-03,9040.0,77,31260,480,24.0,0
2024-08-03,9040.0,77,31260,480,24.0,0
2024-08-04,10335.0,75,27272,60,31.0,0
2024-08-04,10335.0,75,27272,60,31.0,0
2024-08-05,1857.0,71,26520,60,15.0,1
2024-08-05,1857.0,71,26520,60,15.0,1
2024-08-06,7819.0,70,26160,60,22.0,1
2024-08-06,7819.0,70,26160,60,22.0,1
2024-08-07,9078.0,72,28260,60,20.0,1
2024-08-07,9078.0,72,28260,60,20.0,1
2024-08-08,7843.0,72,27840,420,26.0,1
2024-08-08,7843.0,72,27840,420,26.0,1
2024-08-09,2976.0,72,29220,2340,25.0,1
2024-08-09,2976.0,72,29220,2340,25.0,1
2024-08-10,2777.0,72,19980,180,35.0,0
2024-08-10,2777.0,72,19980,180,35.0,0
2024-08-11,5093.0,72,35580,240,16.0,1
2024-08-11,5093.0,72,35580,240,16.0,1
2024-08-12,2848.0,72,27480,1740,35.0,0
2024-08-12,2848.0,72,27480,1740,35.0,0
2024-08-13,2265.0,72,26433,0,25.0,1
2024-08-13,2265.0,72,26433,0,25.0,1
2024-08-14,2400.0,72,26580,600,26.0,1
2024-08-14,2400.0,72,26580,600,26.0,1
2024-08-15,2924.0,72,25920,960,25.0,1
2024-08-15,2924.0,72,25920,960,25.0,1
2024-08-16,9022.0,72,27780,780,22.0,1
2024-08-16,9022.0,72,27780,780,22.0,1
2024-08-17,3215.0,72,29558,0,25.0,1
2024-08-17,3215.0,72,29558,0,25.0,1
2024-08-18,3148.0,72,30609,300,23.0,1
2024-08-18,3148.0,72,30609,300,23.0,1
2024-08-19,2067.0,72,29940,1020,25.0,1
2024-08-19,2067.0,72,29940,1020,25.0,1
2024-08-20,2343.0,72,29580,0,14.0,1
2024-08-20,2343.0,72,29580,0,14.0,1
2024-08-21,3339.0,72,28560,1920,29.0,0
2024-08-21,3339.0,72,28560,1920,29.0,0
2024-08-22,3367.0,72,27840,420,26.0,1
2024-08-22,3367.0,72,27840,420,26.0,1
2024-08-23,2542.0,72,24360,1440,34.0,0
2024-08-23,2542.0,72,24360,1440,34.0,0
2024-08-24,3650.0,72,24780,0,38.0,0
2024-08-24,3650.0,72,24780,0,38.0,0
2024-08-25,2940.0,72,30960,600,37.0,0
2024-08-25,2940.0,72,30960,600,37.0,0
2024-08-26,2125.0,72,30420,420,21.0,1
2024-08-26,2125.0,72,30420,420,21.0,1
2024-08-27,1884.0,72,30600,60,13.0,1
2024-08-27,1884.0,72,30600,60,13.0,1
2024-08-28,2052.0,72,29280,540,32.0,1
2024-08-28,2052.0,72,29280,540,32.0,1
2024-08-29,1921.0,72,27660,300,30.0,1
2024-08-29,1921.0,72,27660,300,30.0,1
2024-08-30,3008.0,72,33300,0,19.0,1
2024-08-30,3008.0,72,33300,0,19.0,1
2024-08-31,2355.0,72,25968,60,28.0,1
2024-08-31,2355.0,72,25968,60,28.0,1
2024-09-01,3643.0,72,35173,1680,25.0,1
2024-09-01,3643.0,72,35173,1680,25.0,1
2024-09-02,2353.0,72,37320,1440,28.0,1
2024-09-02,2353.0,72,37320,1440,28.0,1
2024-09-03,6375.0,72,30660,1560,23.0,1
2024-09-03,6375.0,72,30660,1560,23.0,1
2024-09-04,1430.0,72,24180,3660,33.0,0
2024-09-04,1430.0,72,24180,3660,33.0,0
2024-09-05,3457.0,72,29880,60,14.0,1
2024-09-05,3457.0,72,29880,60,14.0,1
2024-09-06,1919.0,72,29400,480,19.0,1
2024-09-06,1919.0,72,29400,480,19.0,1
2024-09-07,3758.0,72,23880,780,34.0,0
2024-09-07,3758.0,72,23880,780,34.0,0
2024-09-08,3062.0,72,30600,0,20.0,1
2024-09-08,3062.0,72,30600,0,20.0,1
2024-09-09,2043.0,72,30840,660,20.0,1
2024-09-09,2043.0,72,30840,660,20.0,1
2024-09-10,2265.0,72,28560,60,16.0,1
2024-09-10,2265.0,72,28560,60,16.0,1
2024-09-11,3346.0,72,26460,300,22.0,1
2024-09-11,3346.0,72,26460,300,22.0,1
2024-09-12,3722.0,72,28740,1560,35.0,0
2024-09-12,3722.0,72,28740,1560,35.0,0
2024-09-13,7197.0,72,18120,60,27.0,0
2024-09-13,7197.0,72,18120,60,27.0,0
2024-09-14,8551.0,94,32040,1320,36.0,0
2024-09-14,8551.0,94,32040,1320,36.0,0
2024-09-15,9550.0,81,31080,1860,42.0,0
2024-09-15,9550.0,81,31080,1860,42.0,0
2024-09-16,11660.0,84,28200,720,35.0,0
2024-09-16,11660.0,84,28200,720,35.0,0
2024-09-17,2422.0,67,29880,240,23.0,1
2024-09-17,2422.0,67,29880,240,23.0,1
2024-09-18,9427.0,65,31906,120,8.0,1
2024-09-18,9427.0,65,31906,120,8.0,1
2024-09-19,2877.0,66,32520,1140,16.0,1
2024-09-19,2877.0,66,32520,1140,16.0,1
2024-09-20,8303.0,68,23640,660,14.0,1
2024-09-20,8303.0,68,23640,660,14.0,1
2024-09-21,3586.0,72,27060,1620,29.0,0
2024-09-21,3586.0,72,27060,1620,29.0,0
2024-09-22,2339.0,72,30374,1020,28.0,1
2024-09-22,2339.0,72,30374,1020,28.0,1
2024-09-23,7991.0,69,30240,0,11.0,1
2024-09-23,7991.0,69,30240,0,11.0,1
2024-09-24,8257.0,70,28398,0,16.0,1
2024-09-24,8257.0,70,28398,0,16.0,1
2024-09-25,7607.0,72,29280,2520,36.0,0
2024-09-25,7607.0,72,29280,2520,36.0,0
2024-09-26,8623.0,72,32300,1500,22.0,1
2024-09-26,8623.0,72,32300,1500,22.0,1
2024-09-27,2521.0,72,27120,3000,15.0,1
2024-09-27,2521.0,72,27120,3000,15.0,1
2024-09-28,5072.0,72,30000,2760,34.0,0
2024-09-28,5072.0,72,30000,2760,34.0,0
2024-09-29,7252.0,72,31140,240,17.0,1
2024-09-29,7252.0,72,31140,240,17.0,1
2024-09-30,7978.0,72,29520,540,16.0,1
2024-09-30,7978.0,72,29520,540,16.0,1
2024-10-01,7948.0,72,28134,240,23.0,1
2024-10-01,7948.0,72,28134,240,23.0,1
2024-10-02,8962.0,72,28020,0,22.0,1
2024-10-02,8962.0,72,28020,0,22.0,1
2024-10-03,8728.0,72,27840,1620,22.0,1
2024-10-03,8728.0,72,27840,1620,22.0,1
2024-10-04,8085.0,72,32331,600,16.0,1
2024-10-04,8085.0,72,32331,600,16.0,1
2024-10-05,4782.0,72,31920,2820,40.0,0
2024-10-05,4782.0,72,31920,2820,40.0,0
2024-10-06,9817.0,72,29820,900,23.0,1
2024-10-06,9817.0,72,29820,900,23.0,1
2024-10-07,5487.0,76,30297,0,20.0,1
2024-10-07,5487.0,76,30297,0,20.0,1
2024-10-08,8120.0,70,28407,420,19.0,1
2024-10-08,8120.0,70,28407,420,19.0,1
2024-10-09,8791.0,69,27600,360,17.0,1
2024-10-09,8791.0,69,27600,360,17.0,1
2024-10-10,7564.0,71,26220,420,25.0,1
2024-10-10,7564.0,71,26220,420,25.0,1
2024-10-11,11504.0,68,32040,0,16.0,1
2024-10-11,11504.0,68,32040,0,16.0,1
2024-10-12,3283.0,75,26400,60,42.0,0
2024-10-12,3283.0,75,26400,60,42.0,0
2024-10-13,3928.0,66,29460,0,17.0,1
2024-10-13,3928.0,66,29460,0,17.0,1
2024-10-14,8341.0,65,28140,60,11.0,1
2024-10-14,8341.0,65,28140,60,11.0,1
2024-10-15,5217.0,69,27720,240,24.0,1
2024-10-15,5217.0,69,27720,240,24.0,1
2024-10-16,6265.0,65,34800,3240,14.0,1
2024-10-16,6265.0,65,34800,3240,14.0,1
2024-10-17,2062.0,66,29580,300,15.0,1
2024-10-17,2062.0,66,29580,300,15.0,1
2024-10-18,2088.0,67,26340,60,17.0,1
2024-10-18,2088.0,67,26340,60,17.0,1
2024-10-19,3601.0,71,24180,780,28.0,0
2024-10-19,3601.0,71,24180,780,28.0,0
2024-10-20,10378.0,71,29940,60,24.0,1
2024-10-20,10378.0,71,29940,60,24.0,1
2024-10-21,3316.0,68,27900,1080,30.0,1
2024-10-21,3316.0,68,27900,1080,30.0,1
2024-10-22,2634.0,64,30300,660,11.0,1
2024-10-22,2634.0,64,30300,660,11.0,1
2024-10-23,6689.0,68,26717,720,25.0,1
2024-10-23,6689.0,68,26717,720,25.0,1
2024-10-24,3289.0,69,28380,960,35.0,1
2024-10-24,3289.0,69,28380,960,35.0,1
2024-10-25,7674.0,66,28980,900,19.0,1
2024-10-25,7674.0,66,28980,900,19.0,1
2024-10-26,5691.0,71,31320,300,24.0,1
2024-10-26,5691.0,71,31320,300,24.0,1
2024-10-27,2730.0,72,32400,720,50.0,0
2024-10-27,2730.0,72,32400,720,50.0,0
2024-10-28,8066.0,68,28680,0,14.0,1
2024-10-28,8066.0,68,28680,0,14.0,1
2024-10-29,8301.0,72,30600,0,20.0,1
2024-10-29,8301.0,72,30600,0,20.0,1
2024-10-30,7936.0,72,31740,0,21.0,1
2024-10-30,7936.0,72,31740,0,21.0,1
2024-10-31,8692.0,72,27420,1140,19.0,1
2024-10-31,8692.0,72,27420,1140,19.0,1
2024-11-01,7605.0,72,30300,3000,14.0,1
2024-11-01,7605.0,72,30300,3000,14.0,1
2024-11-02,9588.0,72,31620,180,24.0,1
2024-11-02,9588.0,72,31620,180,24.0,1
2024-11-03,8840.0,72,34978,2880,26.0,1
2024-11-03,8840.0,72,34978,2880,26.0,1
2024-11-04,2347.0,72,29220,720,12.0,1
2024-11-04,2347.0,72,29220,720,12.0,1
2024-11-05,2588.0,72,29100,60,25.0,1
2024-11-05,2588.0,72,29100,60,25.0,1
2024-11-06,3139.0,72,24360,180,42.0,0
2024-11-06,3139.0,72,24360,180,42.0,0
2024-11-07,1857.0,72,29580,1260,18.0,1
2024-11-07,1857.0,72,29580,1260,18.0,1
2024-11-08,2332.0,72,25440,2040,28.0,0
2024-11-08,2332.0,72,25440,2040,28.0,0
2024-11-09,3745.0,72,18480,1740,49.0,0
2024-11-09,3745.0,72,18480,1740,49.0,0
2024-11-10,3001.0,72,36360,60,16.0,1
2024-11-10,3001.0,72,36360,60,16.0,1
2024-11-11,7807.0,72,31140,240,15.0,1
2024-11-11,7807.0,72,31140,240,15.0,1
2024-11-12,2910.0,72,20040,3420,54.0,0
2024-11-12,2910.0,72,20040,3420,54.0,0
2024-11-13,1468.0,72,35366,1800,11.0,1
2024-11-13,1468.0,72,35366,1800,11.0,1
2024-11-14,8826.0,72,29160,1320,43.0,0
2024-11-14,8826.0,72,29160,1320,43.0,0
2024-11-15,2570.0,72,28140,60,38.0,0
2024-11-15,2570.0,72,28140,60,38.0,0
2024-11-16,3020.0,72,28851,0,20.0,1
2024-11-16,3020.0,72,28851,0,20.0,1
2024-11-17,3812.0,72,29520,600,22.0,1
2024-11-17,3812.0,72,29520,600,22.0,1
2024-11-18,1879.0,72,30600,240,19.0,1
2024-11-18,1879.0,72,30600,240,19.0,1
2024-11-19,2218.0,72,33300,900,25.0,1
2024-11-19,2218.0,72,33300,900,25.0,1
2024-11-20,2361.0,72,35460,960,20.0,1
2024-11-20,2361.0,72,35460,960,20.0,1
2024-11-21,3508.0,72,29340,1620,33.0,0
2024-11-21,3508.0,72,29340,1620,33.0,0
2024-11-22,5542.0,72,25095,0,50.0,0
2024-11-22,5542.0,72,25095,0,50.0,0
2024-11-23,7600.0,72,29280,60,44.0,0
2024-11-23,7600.0,72,29280,60,44.0,0
2024-11-24,4782.0,72,29700,240,21.0,1
2024-11-24,4782.0,72,29700,240,21.0,1
2024-11-25,10714.0,72,29280,1260,47.0,0
2024-11-25,10714.0,72,29280,1260,47.0,0
2024-11-26,4759.0,72,33060,0,25.0,1
2024-11-26,4759.0,72,33060,0,25.0,1
2024-11-27,10695.0,72,24399,1680,32.0,0
2024-11-27,10695.0,72,24399,1680,32.0,0
2024-11-28,4596.0,72,36240,120,29.0,1
2024-11-28,4596.0,72,36240,120,29.0,1
2024-11-29,3916.0,72,30360,1140,45.0,0
2024-11-29,3916.0,72,30360,1140,45.0,0
2024-11-30,2964.0,72,25440,180,42.0,0
2024-11-30,2964.0,72,25440,180,42.0,0
2024-12-01,3605.0,72,36755,300,24.0,1
2024-12-01,3605.0,72,36755,300,24.0,1
2024-12-02,8188.0,72,33240,2460,31.0,1
2024-12-02,8188.0,72,33240,2460,31.0,1
2024-12-03,8866.0,72,30780,480,19.0,1
2024-12-03,8866.0,72,30780,480,19.0,1
2024-12-04,7595.0,72,29971,1260,19.0,1
2024-12-04,7595.0,72,29971,1260,19.0,1
2024-12-05,3255.0,72,33300,1440,22.0,1
2024-12-05,3255.0,72,33300,1440,22.0,1
2024-12-06,3443.0,72,20760,1440,55.0,0
2024-12-06,3443.0,72,20760,1440,55.0,0
2024-12-07,1595.0,85,29940,0,24.0,0
2024-12-07,1595.0,85,29940,0,24.0,0
2024-12-08,1693.0,78,31620,480,41.0,0
2024-12-08,1693.0,78,31620,480,41.0,0
2024-12-09,2213.0,73,27480,840,20.0,1
2024-12-09,2213.0,73,27480,840,20.0,1
2024-12-10,2715.0,77,29940,360,53.0,0
2024-12-10,2715.0,77,29940,360,53.0,0
2024-12-11,2483.0,75,31620,1440,33.0,0
2024-12-11,2483.0,75,31620,1440,33.0,0
2024-12-12,2080.0,71,28920,60,32.0,1
2024-12-12,2080.0,71,28920,60,32.0,1
2024-12-13,3020.0,72,31920,60,17.0,1
2024-12-13,3020.0,72,31920,60,17.0,1
2024-12-14,4516.0,72,29666,180,36.0,0
2024-12-14,4516.0,72,29666,180,36.0,0
2024-12-15,4463.0,78,34260,1860,48.0,0
2024-12-15,4463.0,78,34260,1860,48.0,0
2024-12-16,1982.0,74,29015,60,25.0,1
2024-12-16,1982.0,74,29015,60,25.0,1
2024-12-17,2610.0,77,28828,120,37.0,0
2024-12-17,2610.0,77,28828,120,37.0,0
2024-12-18,3694.0,77,27300,420,45.0,0
2024-12-18,3694.0,77,27300,420,45.0,0
2024-12-19,3003.0,69,26514,0,18.0,1
2024-12-19,3003.0,69,26514,0,18.0,1
2024-12-20,3374.0,70,23520,120,35.0,0
2024-12-20,3374.0,70,23520,120,35.0,0
2024-12-21,4768.0,74,36060,660,24.0,1
2024-12-21,4768.0,74,36060,660,24.0,1
2024-12-22,2448.0,78,32640,3360,43.0,0
2024-12-22,2448.0,78,32640,3360,43.0,0
2024-12-23,3850.0,71,32052,0,22.0,1
2024-12-23,3850.0,71,32052,0,22.0,1
2024-12-24,6980.0,77,24540,0,41.0,0
2024-12-24,6980.0,77,24540,0,41.0,0
2024-12-25,3596.0,73,31800,0,33.0,1
2024-12-25,3596.0,73,31800,0,33.0,1
2024-12-26,2971.0,78,29400,300,39.0,0
2024-12-26,2971.0,78,29400,300,39.0,0
2024-12-27,2419.0,73,31156,0,23.0,1
2024-12-27,2419.0,73,31156,0,23.0,1
2024-12-28,3674.0,80,27360,1200,62.0,0
2024-12-28,3674.0,80,27360,1200,62.0,0
2024-12-29,3319.0,72,33052,0,20.0,1
2024-12-29,3319.0,72,33052,0,20.0,1
2024-12-30,9726.0,72,28072,0,17.0,1
2024-12-30,9726.0,72,28072,0,17.0,1
2024-12-31,5142.0,79,30000,300,25.0,0
2024-12-31,5142.0,79,30000,300,25.0,0
2025-01-01,1876.0,75,20400,1260,48.0,0
2025-01-01,1876.0,75,20400,1260,48.0,0
2025-01-02,9478.0,68,37020,60,15.0,1
2025-01-02,9478.0,68,37020,60,15.0,1
2025-01-03,3601.0,71,29760,1620,30.0,1
2025-01-03,3601.0,71,29760,1620,30.0,1
2025-01-04,5978.0,72,31765,0,27.0,1
2025-01-04,5978.0,72,31765,0,27.0,1
2025-01-04,5978.0,72,31765,0,27.0,1
2025-01-04,5978.0,72,31765,0,27.0,1
2025-01-05,7486.0,69,35820,720,24.0,1
2025-01-05,7486.0,69,35820,720,24.0,1
2025-01-06,3272.0,67,28537,600,17.0,1
2025-01-06,3272.0,67,28537,600,17.0,1
2025-01-06,3272.0,67,28537,600,17.0,1
2025-01-06,3272.0,67,28537,600,17.0,1
2025-01-07,2575.0,69,27885,60,17.0,1
2025-01-07,2575.0,69,27885,60,17.0,1
2025-01-08,3934.0,73,20040,240,46.0,0
2025-01-08,3934.0,73,20040,240,46.0,0
2025-01-09,2531.0,74,25380,780,39.0,0
2025-01-09,2531.0,74,25380,780,39.0,0
2025-01-10,2242.0,74,21960,1140,42.0,0
2025-01-10,2242.0,74,21960,1140,42.0,0
2025-01-11,3856.0,70,37200,480,21.0,1
2025-01-11,3856.0,70,37200,480,21.0,1
2025-01-12,1900.0,75,28492,0,52.0,0
2025-01-12,1900.0,75,28492,0,52.0,0
2025-01-13,2526.0,71,27673,0,18.0,1
2025-01-13,2526.0,71,27673,0,18.0,1
2025-01-13,2526.0,71,27673,0,18.0,1
2025-01-13,2526.0,71,27673,0,18.0,1
2025-01-14,0.0,72,22920,2340,33.0,0
2025-01-15,1494.0,72,23340,780,39.0,0
2025-01-16,8807.0,72,30960,600,17.0,1
2025-01-16,8807.0,72,30960,600,17.0,1
2025-01-17,1724.0,72,29580,1020,24.0,1
2025-01-17,1724.0,72,29580,1020,24.0,1
2025-01-18,9116.0,77,30060,2460,38.0,0
2025-01-18,9116.0,77,30060,2460,38.0,0
2025-01-19,2906.0,75,31140,360,28.0,1
2025-01-19,2906.0,75,31140,360,28.0,1
2025-01-20,2254.0,72,32087,780,46.0,0
2025-01-20,2254.0,72,32087,780,46.0,0
2025-01-21,2216.0,74,28106,0,19.0,1
2025-01-21,2216.0,74,28106,0,19.0,1
2025-01-22,2001.0,78,24060,1020,35.0,0
2025-01-22,2001.0,78,24060,1020,35.0,0
2025-01-23,1948.0,74,32940,180,23.0,1
2025-01-23,1948.0,74,32940,180,23.0,1
2025-01-24,2182.0,82,21060,240,50.0,0
2025-01-24,2182.0,82,21060,240,50.0,0
2025-01-25,10773.0,73,38280,840,22.0,1
2025-01-25,10773.0,73,38280,840,22.0,1
2025-01-26,1939.0,79,27240,60,35.0,0
2025-01-26,1939.0,79,27240,60,35.0,0
2025-01-27,9448.0,75,29820,840,25.0,0
2025-01-27,9448.0,75,29820,840,25.0,0
2025-01-28,2765.0,80,32400,1380,33.0,0
2025-01-28,2765.0,80,32400,1380,33.0,0
2025-01-29,2338.0,76,31320,660,24.0,1
2025-01-29,2338.0,76,31320,660,24.0,1
2025-01-30,1396.0,74,28016,0,21.0,1
2025-01-30,1396.0,74,28016,0,21.0,1
2025-01-31,9324.0,70,31020,600,18.0,1
2025-01-31,9324.0,70,31020,600,18.0,1
2025-02-01,1701.0,75,26580,360,49.0,0
2025-02-01,1701.0,75,26580,360,49.0,0
2025-02-02,10580.0,67,35820,2940,12.0,1
2025-02-02,10580.0,67,35820,2940,12.0,1
2025-02-03,3449.0,72,30480,1200,20.0,1
2025-02-03,3449.0,72,30480,1200,20.0,1
2025-02-04,9591.0,72,33120,1440,16.0,1
2025-02-04,9591.0,72,33120,1440,16.0,1
2025-02-05,5572.0,72,23340,60,49.0,0
2025-02-05,5572.0,72,23340,60,49.0,0
2025-02-06,1817.0,72,30060,420,17.0,1
2025-02-06,1817.0,72,30060,420,17.0,1
2025-02-07,9707.0,72,28500,120,19.0,1
2025-02-07,9707.0,72,28500,120,19.0,1
2025-02-08,10827.0,72,16080,180,55.0,0
2025-02-08,10827.0,72,16080,180,55.0,0
2025-02-09,2018.0,72,38280,240,20.0,1
2025-02-09,2018.0,72,38280,240,20.0,1
2025-02-10,2819.0,72,30540,600,28.0,1
2025-02-10,2819.0,72,30540,600,28.0,1
2025-02-11,3131.0,72,32760,600,15.0,1
2025-02-11,3131.0,72,32760,600,15.0,1
2025-02-12,2166.0,72,27960,60,36.0,0
2025-02-12,2166.0,72,27960,60,36.0,0
2025-02-13,1447.0,72,27291,180,44.0,0
2025-02-13,1447.0,72,27291,180,44.0,0
2025-02-14,2077.0,72,32400,180,20.0,1
2025-02-14,2077.0,72,32400,180,20.0,1
2025-02-15,2346.0,72,36720,300,33.0,1
2025-02-15,2346.0,72,36720,300,33.0,1
2025-02-16,2550.0,72,40500,1920,33.0,1
2025-02-16,2550.0,72,40500,1920,33.0,1
2025-02-17,2560.0,72,24780,2220,42.0,0
2025-02-17,2560.0,72,24780,2220,42.0,0
2025-02-18,2038.0,72,32820,960,18.0,1
2025-02-18,2038.0,72,32820,960,18.0,1
2025-02-19,1227.0,72,27240,1380,44.0,0
2025-02-19,1227.0,72,27240,1380,44.0,0
2025-02-20,5541.0,72,34080,2280,16.0,1
2025-02-20,5541.0,72,34080,2280,16.0,1
2025-02-21,4518.0,72,28860,120,39.0,0
2025-02-21,4518.0,72,28860,120,39.0,0
2025-02-22,2117.0,72,35520,420,29.0,1
2025-02-22,2117.0,72,35520,420,29.0,1
2025-02-23,2265.0,72,31860,240,24.0,1
2025-02-23,2265.0,72,31860,240,24.0,1
2025-02-24,7358.0,72,29100,480,41.0,0
2025-02-24,7358.0,72,29100,480,41.0,0
2025-02-25,4150.0,72,31020,0,21.0,1
2025-02-26,5161.0,72,30660,480,34.0,1
2025-02-26,5161.0,72,30660,480,34.0,1
2025-02-27,4150.0,72,29940,420,20.0,1
2025-02-27,4150.0,72,29940,420,20.0,1
2025-02-28,3536.0,72,29704,180,20.0,1
2025-02-28,3536.0,72,29704,180,20.0,1
2025-03-01,3398.0,77,23220,1920,50.0,0
2025-03-01,3398.0,77,23220,1920,50.0,0
2025-03-02,2491.0,70,36420,1320,15.0,1
2025-03-02,2491.0,70,36420,1320,15.0,1
2025-03-03,2543.0,72,30960,0,18.0,1
2025-03-03,2543.0,72,30960,0,18.0,1
2025-03-04,1618.0,70,31680,3240,25.0,1
2025-03-04,1618.0,70,31680,3240,25.0,1
2025-03-05,1754.0,74,31920,2160,30.0,0
2025-03-05,1754.0,74,31920,2160,30.0,0
2025-03-06,2106.0,71,32100,2280,18.0,1
2025-03-06,2106.0,71,32100,2280,18.0,1
2025-03-07,1945.0,68,35340,720,15.0,1
2025-03-07,1945.0,68,35340,720,15.0,1
2025-03-08,5094.0,80,25860,1020,44.0,0
2025-03-08,5094.0,80,25860,1020,44.0,0
2025-03-09,15294.0,76,20100,0,31.0,0
2025-03-09,15294.0,76,20100,0,31.0,0
2025-03-10,15731.0,72,35940,120,24.0,1
2025-03-10,15731.0,72,35940,120,24.0,1
2025-03-11,8441.0,75,31380,480,22.0,1
2025-03-11,8441.0,75,31380,480,22.0,1
2025-03-12,10888.0,69,37560,600,17.0,1
2025-03-12,10888.0,69,37560,600,17.0,1
2025-03-13,5770.0,74,34740,1140,34.0,1
2025-03-13,5770.0,74,34740,1140,34.0,1
2025-03-14,4788.0,73,16800,60,21.0,0
2025-03-14,4788.0,73,16800,60,21.0,0
2025-03-15,2557.0,77,28380,5520,34.0,0
2025-03-15,2557.0,77,28380,5520,34.0,0
2025-03-16,2619.0,70,40140,180,24.0,1
2025-03-16,2619.0,70,40140,180,24.0,1
2025-03-17,1622.0,71,30720,2040,20.0,1
2025-03-17,1622.0,71,30720,2040,20.0,1
2025-03-18,2076.0,67,30540,1020,14.0,1
2025-03-18,2076.0,67,30540,1020,14.0,1
2025-03-19,1365.0,76,29460,1320,44.0,0
2025-03-19,1365.0,76,29460,1320,44.0,0
2025-03-20,2138.0,70,29640,900,25.0,1
2025-03-20,2138.0,70,29640,900,25.0,1
2025-03-21,2579.0,71,28260,1800,24.0,1
2025-03-21,2579.0,71,28260,1800,24.0,1
2025-03-22,10303.0,70,32160,0,22.0,1
2025-03-22,10303.0,70,32160,0,22.0,1
2025-03-23,4045.0,78,28080,180,41.0,0
2025-03-23,4045.0,78,28080,180,41.0,0
2025-03-24,5371.0,73,28680,120,20.0,1
2025-03-24,5371.0,73,28680,120,20.0,1
2025-03-25,7624.0,73,23280,1020,35.0,0
2025-03-25,7624.0,73,23280,1020,35.0,0
2025-03-26,5380.0,69,24420,120,23.0,1
2025-03-26,5380.0,69,24420,120,23.0,1
2025-03-27,5278.0,74,30900,1260,18.0,1
2025-03-27,5278.0,74,30900,1260,18.0,1
2025-03-28,1944.0,73,32700,960,35.0,0
2025-03-28,1944.0,73,32700,960,35.0,0
2025-03-29,2764.0,77,29520,660,42.0,0
2025-03-29,2764.0,77,29520,660,42.0,0
2025-03-30,2741.0,73,33660,1920,18.0,1
2025-03-30,2741.0,73,33660,1920,18.0,1
2025-03-31,1922.0,73,30780,600,31.0,1
2025-03-31,1922.0,73,30780,600,31.0,1
2025-04-01,1664.0,72,27840,120,21.0,1
2025-04-01,1664.0,72,27840,120,21.0,1
2025-04-02,2052.0,72,29040,360,33.0,1
2025-04-02,2052.0,72,29040,360,33.0,1
2025-04-03,1843.0,70,24360,120,24.0,1
2025-04-03,1843.0,70,24360,120,24.0,1
2025-04-04,2667.0,71,35580,660,19.0,1
2025-04-04,2667.0,71,35580,660,19.0,1
2025-04-05,4102.0,76,34440,1620,48.0,0
2025-04-05,4102.0,76,34440,1620,48.0,0
2025-04-06,2697.0,77,33780,480,25.0,1
2025-04-06,2697.0,77,33780,480,25.0,1
2025-04-07,5760.0,72,29460,2220,21.0,1
2025-04-07,5760.0,72,29460,2220,21.0,1
2025-04-08,4207.0,77,25860,300,26.0,0
2025-04-08,4207.0,77,25860,300,26.0,0
2025-04-09,2015.0,74,32160,2400,20.0,1
2025-04-09,2015.0,74,32160,2400,20.0,1
2025-04-10,1833.0,72,31080,360,18.0,1
2025-04-10,1833.0,72,31080,360,18.0,1
2025-04-11,4016.0,74,32220,2340,22.0,1
2025-04-11,4016.0,74,32220,2340,22.0,1
2025-04-12,4587.0,70,34620,180,25.0,1
2025-04-12,4587.0,70,34620,180,25.0,1
2025-04-13,1928.0,69,32220,1140,23.0,1
2025-04-13,1928.0,69,32220,1140,23.0,1
2025-04-14,5838.0,82,28860,4020,55.0,0
2025-04-14,5838.0,82,28860,4020,55.0,0
2025-04-15,1555.0,72,33900,1080,14.0,1
2025-04-15,1555.0,72,33900,1080,14.0,1
2025-04-16,3600.0,72,30360,60,18.0,1
2025-04-16,3600.0,72,30360,60,18.0,1
2025-04-17,2522.0,72,28080,0,26.0,1
2025-04-17,2522.0,72,28080,0,26.0,1
2025-04-18,2974.0,72,30600,60,24.0,1
2025-04-18,2974.0,72,30600,60,24.0,1
2025-04-19,9434.0,72,30240,5760,27.0,0
2025-04-19,9434.0,72,30240,5760,27.0,0
2025-04-20,3928.0,72,34500,180,24.0,1
2025-04-20,3928.0,72,34500,180,24.0,1
2025-04-21,5331.0,72,26820,240,24.0,1
2025-04-21,5331.0,72,26820,240,24.0,1
2025-04-22,3082.0,72,30590,2400,13.0,1
2025-04-22,3082.0,72,30590,2400,13.0,1
2025-04-23,1872.0,72,30900,2160,23.0,1
2025-04-23,1872.0,72,30900,2160,23.0,1
2025-04-24,2099.0,82,29940,660,21.0,0
2025-04-24,2099.0,82,29940,660,21.0,0
2025-04-25,1827.0,79,28320,120,36.0,0
2025-04-25,1827.0,79,28320,120,36.0,0
2025-04-26,3414.0,76,37140,60,24.0,1
2025-04-26,3414.0,76,37140,60,24.0,1
2025-04-27,2036.0,75,35220,2040,27.0,1
2025-04-27,2036.0,75,35220,2040,27.0,1
2025-04-28,1857.0,73,29820,720,15.0,1
2025-04-28,1857.0,73,29820,720,15.0,1
2025-04-29,2187.0,80,28020,2220,45.0,0
2025-04-29,2187.0,80,28020,2220,45.0,0
2025-04-30,1775.0,73,33180,1380,35.0,0
2025-04-30,1775.0,73,33180,1380,35.0,0
2025-05-01,1747.0,67,34740,180,16.0,1
2025-05-01,1747.0,67,34740,180,16.0,1
2025-05-02,1773.0,72,27240,2400,21.0,1
2025-05-02,1773.0,72,27240,2400,21.0,1
2025-05-03,2385.0,77,35460,3900,45.0,0
2025-05-03,2385.0,77,35460,3900,45.0,0
2025-05-04,3776.0,77,34560,720,24.0,1
2025-05-04,3776.0,77,34560,720,24.0,1
2025-05-05,1973.0,73,31140,300,23.0,1
2025-05-05,1973.0,73,31140,300,23.0,1
2025-05-06,3691.0,68,30840,1500,13.0,1
2025-05-06,3691.0,68,30840,1500,13.0,1
2025-05-07,1925.0,74,32220,1200,23.0,1
2025-05-07,1925.0,74,32220,1200,23.0,1
2025-05-08,12267.0,74,24720,960,33.0,0
2025-05-08,12267.0,74,24720,960,33.0,0
2025-05-09,3830.0,80,33180,1500,47.0,0
2025-05-09,3830.0,80,33180,1500,47.0,0
2025-05-10,4349.0,75,28553,60,27.0,0
2025-05-10,4349.0,75,28553,60,27.0,0
2025-05-11,2778.0,70,33720,120,19.0,1
2025-05-11,2778.0,70,33720,120,19.0,1
2025-05-12,2132.0,72,31020,360,34.0,1
2025-05-12,2132.0,72,31020,360,34.0,1
2025-05-13,2804.0,69,27360,1260,17.0,1
2025-05-13,2804.0,69,27360,1260,17.0,1
2025-05-14,4003.0,76,27420,240,27.0,0
2025-05-14,4003.0,76,27420,240,27.0,0
2025-05-15,3153.0,74,28620,1980,25.0,0
2025-05-15,3153.0,74,28620,1980,25.0,0
2025-05-16,2910.0,73,34140,1200,22.0,1
2025-05-16,2910.0,73,34140,1200,22.0,1
2025-05-17,5308.0,76,19860,720,27.0,0
2025-05-17,5308.0,76,19860,720,27.0,0
2025-05-18,3479.0,78,30600,600,35.0,0
2025-05-18,3479.0,78,30600,600,35.0,0
2025-05-19,2182.0,75,29580,60,23.0,1
2025-05-19,2182.0,75,29580,60,23.0,1
2025-05-20,2240.0,68,36300,300,14.0,1
2025-05-20,2240.0,68,36300,300,14.0,1
2025-05-21,18152.0,73,22560,180,25.0,0
2025-05-21,18152.0,73,22560,180,25.0,0
2025-05-22,4130.0,72,31140,360,24.0,1
2025-05-22,4130.0,72,31140,360,24.0,1
2025-05-23,4111.0,69,28440,0,15.0,1
2025-05-23,4111.0,69,28440,0,15.0,1
2025-05-24,3295.0,74,30300,4260,26.0,0
2025-05-24,3295.0,74,30300,4260,26.0,0
2025-05-25,2911.0,64,36360,1680,13.0,1
2025-05-25,2911.0,64,36360,1680,13.0,1
2025-05-26,2244.0,73,35460,1500,22.0,1
2025-05-26,2244.0,73,35460,1500,22.0,1
2025-05-27,2164.0,75,26820,1020,29.0,0
2025-05-27,2164.0,75,26820,1020,29.0,0
2025-05-28,2830.0,69,32400,360,11.0,1
2025-05-28,2830.0,69,32400,360,11.0,1
2025-05-29,3089.0,67,28620,540,15.0,1
2025-05-29,3089.0,67,28620,540,15.0,1
2025-05-30,2627.0,72,30120,960,32.0,1
2025-05-30,2627.0,72,30120,960,32.0,1
2025-05-31,3902.0,74,33480,3120,34.0,0
2025-05-31,3902.0,74,33480,3120,34.0,0
2025-06-01,2982.0,70,32700,0,24.0,1
2025-06-01,2982.0,70,32700,0,24.0,1
2025-06-02,7604.0,68,29940,2460,17.0,1
2025-06-02,7604.0,68,29940,2460,17.0,1
2025-06-03,1659.0,72,29700,300,14.0,1
2025-06-03,1659.0,72,29700,300,14.0,1
2025-06-04,4900.0,72,25920,660,31.0,0
2025-06-04,4900.0,72,25920,660,31.0,0
2025-06-05,1489.0,72,27900,1560,31.0,0
2025-06-05,1489.0,72,27900,1560,31.0,0
2025-06-06,4578.0,72,28440,840,17.0,1
2025-06-06,4578.0,72,28440,840,17.0,1
2025-06-07,3026.0,72,29835,780,24.0,1
2025-06-07,3026.0,72,29835,780,24.0,1
2025-06-08,11906.0,72,30000,1860,25.0,1
2025-06-08,11906.0,72,30000,1860,25.0,1
2025-06-09,2392.0,70,30000,180,18.0,1
2025-06-09,2392.0,70,30000,180,18.0,1
2025-06-10,1709.0,70,31920,60,21.0,1
2025-06-10,1709.0,70,31920,60,21.0,1
2025-06-11,3742.0,75,26760,720,42.0,0
2025-06-11,3742.0,75,26760,720,42.0,0
2025-06-12,2512.0,69,29700,120,20.0,1
2025-06-12,2512.0,69,29700,120,20.0,1
2025-06-13,5154.0,71,29400,0,23.0,1
2025-06-13,5154.0,71,29400,0,23.0,1
2025-06-14,3506.0,80,25620,120,41.0,0
2025-06-14,3506.0,80,25620,120,41.0,0
2025-06-15,2941.0,74,34020,120,25.0,1
2025-06-15,2941.0,74,34020,120,25.0,1
2025-06-16,3226.0,75,29040,2400,40.0,0
2025-06-16,3226.0,75,29040,2400,40.0,0
2025-06-17,1463.0,69,31440,720,21.0,1
2025-06-17,1463.0,69,31440,720,21.0,1
2025-06-18,4285.0,77,23160,540,41.0,0
2025-06-18,4285.0,77,23160,540,41.0,0
2025-06-19,7698.0,77,18240,0,24.0,0
2025-06-19,7698.0,77,18240,0,24.0,0
2025-06-20,15664.0,74,30660,1080,24.0,1
2025-06-20,15664.0,74,30660,1080,24.0,1
2025-06-21,13486.0,72,30960,1080,21.0,1
2025-06-21,13486.0,72,30960,1080,21.0,1
2025-06-22,13431.0,71,31860,240,23.0,1
2025-06-22,13431.0,71,31860,240,23.0,1
2025-06-23,2588.0,72,24540,480,39.0,0
2025-06-23,2588.0,72,24540,480,39.0,0
2025-06-24,4263.0,72,31500,0,18.0,1
2025-06-24,4263.0,72,31500,0,18.0,1
2025-06-25,2265.0,78,24900,1800,39.0,0
2025-06-25,2265.0,78,24900,1800,39.0,0
2025-06-26,2713.0,80,27120,780,29.0,0
2025-06-26,2713.0,80,27120,780,29.0,0
2025-06-27,8275.0,78,28320,0,28.0,0
2025-06-27,8275.0,78,28320,0,28.0,0
2025-06-28,3533.0,79,37020,60,38.0,0
2025-06-28,3533.0,79,37020,60,38.0,0
2025-06-29,3394.0,70,32940,540,14.0,1
2025-06-29,3394.0,70,32940,540,14.0,1
2025-06-30,1587.0,71,28320,360,24.0,1
2025-06-30,1587.0,71,28320,360,24.0,1
2025-07-01,2012.0,72,30180,480,22.0,1
2025-07-01,2012.0,72,30180,480,22.0,1
2025-07-02,2796.0,71,32520,0,23.0,1
2025-07-02,2796.0,71,32520,0,23.0,1
2025-07-03,8262.0,74,23640,60,23.0,0
2025-07-03,8262.0,74,23640,60,23.0,0
2025-07-04,5772.0,77,36540,420,27.0,1
2025-07-04,5772.0,77,36540,420,27.0,1
2025-07-05,6975.0,77,34200,60,25.0,1
2025-07-05,6975.0,77,34200,60,25.0,1
2025-07-06,8371.0,69,33780,900,30.0,1
2025-07-06,8371.0,69,33780,900,30.0,1
2025-07-07,2355.0,69,27180,420,18.0,1
2025-07-07,2355.0,69,27180,420,18.0,1
2025-07-08,2845.0,67,28560,60,21.0,1
2025-07-08,2845.0,67,28560,60,21.0,1
2025-07-09,1734.0,70,32760,420,25.0,1
2025-07-09,1734.0,70,32760,420,25.0,1
2025-07-10,2375.0,76,26280,780,41.0,0
2025-07-10,2375.0,76,26280,780,41.0,0
2025-07-11,2629.0,70,34740,180,23.0,1
2025-07-11,2629.0,70,34740,180,23.0,1
2025-07-12,4189.0,74,34860,120,41.0,0
2025-07-12,4189.0,74,34860,120,41.0,0
2025-07-13,8146.0,69,29611,300,22.0,1
2025-07-13,8146.0,69,29611,300,22.0,1
2025-07-14,2919.0,74,27900,300,33.0,0
2025-07-14,2919.0,74,27900,300,33.0,0
2025-07-15,4208.0,67,28560,1260,19.0,1
2025-07-15,4208.0,67,28560,1260,19.0,1
2025-07-16,4460.0,71,27540,720,19.0,1
2025-07-16,4460.0,71,27540,720,19.0,1
2025-07-17,2861.0,66,32340,600,18.0,1
2025-07-17,2861.0,66,32340,600,18.0,1
2025-07-18,3633.0,74,29760,960,27.0,1
2025-07-18,3633.0,74,29760,960,27.0,1
2025-07-19,3382.0,74,27060,60,29.0,0
2025-07-19,3382.0,74,27060,60,29.0,0
2025-07-20,1766.0,75,28920,4260,31.0,0
2025-07-20,1766.0,75,28920,4260,31.0,0
2025-07-21,4050.0,71,28860,0,23.0,1
2025-07-21,4050.0,71,28860,0,23.0,1
2025-07-22,3153.0,71,27900,180,23.0,1
2025-07-22,3153.0,71,27900,180,23.0,1
2025-07-23,2686.0,75,25800,60,30.0,0
2025-07-23,2686.0,75,25800,60,30.0,0
2025-07-24,2570.0,76,30780,1140,34.0,0
2025-07-24,2570.0,76,30780,1140,34.0,0
2025-07-25,2229.0,75,30720,2580,23.0,0
2025-07-25,2229.0,75,30720,2580,23.0,0
2025-07-26,8553.0,74,31380,780,23.0,1
2025-07-26,8553.0,74,31380,780,23.0,1
2025-07-27,1887.0,70,34380,480,21.0,1
2025-07-27,1887.0,70,34380,480,21.0,1
2025-07-28,1941.0,76,31320,240,23.0,1
2025-07-28,1941.0,76,31320,240,23.0,1
2025-07-29,0.0,72,30240,900,25.0,1
2025-07-29,0.0,72,30240,900,25.0,1
2025-07-30,3118.0,75,29700,1140,25.0,0
2025-07-30,3118.0,75,29700,1140,25.0,0
2025-07-31,2558.0,78,29660,660,43.0,0
2025-07-31,2558.0,78,29660,660,43.0,0
2025-08-01,3976.0,77,33000,3900,31.0,0
2025-08-01,3976.0,77,33000,3900,31.0,0
2025-08-02,3191.0,66,28815,0,17.0,1
2025-08-02,3191.0,66,28815,0,17.0,1
2025-08-03,2938.0,69,31680,120,21.0,1
2025-08-03,2938.0,69,31680,120,21.0,1
2025-08-04,33.0,74,26160,2100,26.0,0
2025-08-04,33.0,74,26160,2100,26.0,0
2025-08-05,0.0,72,29940,0,24.0,1
2025-08-06,0.0,72,29940,0,24.0,1
